protein,degree,betweenness,norm_degree,hub_score
tr|A0A335FV52|A0A335FV52_ACIBA,26,0.010429,1.0,0.604172
tr|A0A1E3M5M9|A0A1E3M5M9_ACIBA,24,0.00715,0.9231,0.556706
tr|A0A077GN97|A0A077GN97_ACIBA,20,0.003924,0.7692,0.463108
tr|A0A098SM27|A0A098SM27_ACIBA,19,0.003957,0.7308,0.440044
tr|V5VBL5|V5VBL5_ACIBA,17,0.00273,0.6538,0.3934
tr|A0A1E3M5S4|A0A1E3M5S4_ACIBA,17,0.002672,0.6538,0.393376
tr|A0A0G4QSW7|A0A0G4QSW7_ACIBA,16,0.002038,0.6154,0.370046
tr|A0A1E3M8I3|A0A1E3M8I3_ACIBA,16,0.00101,0.6154,0.369635
tr|A0A1E3M5Y0|A0A1E3M5Y0_ACIBA,15,0.001195,0.5769,0.346632
tr|V5VE65|V5VE65_ACIBA,14,0.002337,0.5385,0.324012
tr|V5VAY8|V5VAY8_ACIBA,14,0.001836,0.5385,0.323811
tr|A0A1E3M5S5|A0A1E3M5S5_ACIBA,14,0.001713,0.5385,0.323762
tr|V5VFI2|V5VFI2_ACIBA,14,0.001021,0.5385,0.323485
tr|A0A1E3M4P4|A0A1E3M4P4_ACIBA,14,0.000537,0.5385,0.323292
tr|A0A1E3M544|A0A1E3M544_ACIBA,13,0.001484,0.5,0.300594
tr|V5VJG0|V5VJG0_ACIBA,12,0.001437,0.4615,0.277498
tr|A0A1E3M2W1|A0A1E3M2W1_ACIBA,12,0.000597,0.4615,0.277162
tr|V5VDT3|V5VDT3_ACIBA,11,0.002064,0.4231,0.254672
tr|V5VDA7|V5VDA7_ACIBA,11,0.00112,0.4231,0.254294
tr|A0A1E3M2N7|A0A1E3M2N7_ACIBA,11,0.000916,0.4231,0.254213
tr|A0A1E3M5Z6|A0A1E3M5Z6_ACIBA,11,0.000817,0.4231,0.254173
tr|V5VC90|V5VC90_ACIBA,11,0.000817,0.4231,0.254173
tr|V5VFJ3|V5VFJ3_ACIBA,10,0.00096,0.3846,0.231153
tr|A0A1E3M3N5|A0A1E3M3N5_ACIBA,10,0.000437,0.3846,0.230944
tr|A0A1E3M772|A0A1E3M772_ACIBA,9,0.012373,0.3462,0.212642
tr|V5VBR5|V5VBR5_ACIBA,9,0.000178,0.3462,0.207764
tr|A0A1E3M3L6|A0A1E3M3L6_ACIBA,8,0.000745,0.3077,0.184913
tr|V5VH51|V5VH51_ACIBA,8,0.000742,0.3077,0.184912
tr|V5VHK1|V5VHK1_ACIBA,8,0.000598,0.3077,0.184854
tr|A0A1E3M404|A0A1E3M404_ACIBA,8,0.000412,0.3077,0.18478
tr|A0A059ZQ79|A0A059ZQ79_ACIBA,8,0.000335,0.3077,0.184749
tr|A0A1E3M3J4|A0A1E3M3J4_ACIBA,8,0.000324,0.3077,0.184745
tr|A0A1E3M5H2|A0A1E3M5H2_ACIBA,8,0.00024,0.3077,0.184711
tr|A0A1E3M3M8|A0A1E3M3M8_ACIBA,8,0.000222,0.3077,0.184704
tr|V5VHT4|V5VHT4_ACIBA,7,0.002827,0.2692,0.162669
tr|A0A5P1UNA0|A0A5P1UNA0_ACIBA,7,0.001402,0.2692,0.162099
tr|A0A059ZV46|A0A059ZV46_ACIBA,7,0.001339,0.2692,0.162074
tr|V5VHR7|V5VHR7_ACIBA,6,0.002738,0.2308,0.139557
tr|V5VH86|V5VH86_ACIBA,6,0.001961,0.2308,0.139246
tr|Q5DL40|Q5DL40_ACIBA,6,0.001576,0.2308,0.139092
tr|V5VHU3|V5VHU3_ACIBA,6,0.001175,0.2308,0.138931
tr|A0A059ZHD8|A0A059ZHD8_ACIBA,6,0.000327,0.2308,0.138592
tr|A0A098SKY8|A0A098SKY8_ACIBA,6,0.000146,0.2308,0.13852
tr|A0A1E3M1Z1|A0A1E3M1Z1_ACIBA,6,0.000112,0.2308,0.138506
tr|A0A059ZJ17|A0A059ZJ17_ACIBA,6,6.3e-05,0.2308,0.138487
tr|A0A059ZGV9|A0A059ZGV9_ACIBA,5,0.016762,0.1923,0.122089
tr|A0A1E3M5X7|A0A1E3M5X7_ACIBA,5,0.005758,0.1923,0.117688
tr|V5VB41|V5VB41_ACIBA,5,0.00156,0.1923,0.116009
tr|A0A059ZN38|A0A059ZN38_ACIBA,5,0.001176,0.1923,0.115855
tr|V5VG25|V5VG25_ACIBA,5,0.001166,0.1923,0.115851
tr|V5VHJ5|V5VHJ5_ACIBA,5,0.001042,0.1923,0.115801
tr|A0A059ZKT7|A0A059ZKT7_ACIBA,5,0.000652,0.1923,0.115645
tr|A0A0D5YLM2|A0A0D5YLM2_ACIBA,5,0.00053,0.1923,0.115597
tr|A0A1E3M856|A0A1E3M856_ACIBA,5,0.000107,0.1923,0.115427
tr|A0A059ZLC4|A0A059ZLC4_ACIBA,5,5.9e-05,0.1923,0.115408
tr|A0A1E3M728|A0A1E3M728_ACIBA,4,0.017626,0.1538,0.099358
tr|A0A1E3MBE7|A0A1E3MBE7_ACIBA,4,0.011763,0.1538,0.097013
tr|A0A059ZND2|A0A059ZND2_ACIBA,4,0.005105,0.1538,0.09435
tr|A0A7U4X5T2|A0A7U4X5T2_ACIBA,4,0.002402,0.1538,0.093269
tr|A0A1E3M7L2|A0A1E3M7L2_ACIBA,4,0.001908,0.1538,0.093071
tr|A0A059ZUB2|A0A059ZUB2_ACIBA,4,0.001766,0.1538,0.093014
tr|V5V9P8|V5V9P8_ACIBA,4,0.001219,0.1538,0.092795
tr|V5V944|V5V944_ACIBA,4,0.001066,0.1538,0.092734
tr|V5VC16|V5VC16_ACIBA,4,0.000574,0.1538,0.092537
tr|V5VIQ3|V5VIQ3_ACIBA,4,0.000539,0.1538,0.092523
tr|A0A098SGG9|A0A098SGG9_ACIBA,4,0.00053,0.1538,0.09252
tr|V5VB52|V5VB52_ACIBA,4,0.000359,0.1538,0.092451
tr|V5VG36|V5VG36_ACIBA,4,0.000344,0.1538,0.092445
tr|V5VG32|V5VG32_ACIBA,4,0.000344,0.1538,0.092445
tr|A0A1E3M902|A0A1E3M902_ACIBA,4,0.000315,0.1538,0.092434
tr|G1C6Z8|G1C6Z8_ACIBA,4,0.000315,0.1538,0.092434
tr|V5VG26|V5VG26_ACIBA,4,0.000247,0.1538,0.092407
tr|V5VGI6|V5VGI6_ACIBA,4,5.3e-05,0.1538,0.092329
tr|A0A1E3MBH2|A0A1E3MBH2_ACIBA,3,0.006182,0.1154,0.071704
tr|V5VBV1|V5VBV1_ACIBA,3,0.001772,0.1154,0.06994
tr|A0A5P1UF67|A0A5P1UF67_ACIBA,3,0.001307,0.1154,0.069754
tr|G1C6X4|G1C6X4_ACIBA,3,0.000963,0.1154,0.069616
tr|A0A059ZGZ2|A0A059ZGZ2_ACIBA,3,0.000883,0.1154,0.069584
tr|V5V9I6|V5V9I6_ACIBA,3,0.000848,0.1154,0.06957
tr|A0A1E3M1Q1|A0A1E3M1Q1_ACIBA,3,0.000777,0.1154,0.069542
tr|A0A1E3MB59|A0A1E3MB59_ACIBA,3,0.000742,0.1154,0.069528
tr|A0A0D5YK69|A0A0D5YK69_ACIBA,3,0.000742,0.1154,0.069528
tr|V5VC14|V5VC14_ACIBA,3,0.000574,0.1154,0.06946
tr|V5VD32|V5VD32_ACIBA,3,0.000574,0.1154,0.06946
tr|V5VHI9|V5VHI9_ACIBA,3,0.0005,0.1154,0.069431
tr|V5VCB4|V5VCB4_ACIBA,3,0.00043,0.1154,0.069403
tr|V5VBZ8|V5VBZ8_ACIBA,3,0.000406,0.1154,0.069393
tr|V5VCN4|V5VCN4_ACIBA,3,0.000353,0.1154,0.069372
tr|A0A059ZM74|A0A059ZM74_ACIBA,3,0.000353,0.1154,0.069372
tr|V5V9J7|V5V9J7_ACIBA,3,0.000353,0.1154,0.069372
tr|V5V940|V5V940_ACIBA,3,0.000318,0.1154,0.069358
tr|V5V9M8|V5V9M8_ACIBA,3,0.000318,0.1154,0.069358
tr|V5VG19|V5VG19_ACIBA,3,0.000291,0.1154,0.069347
tr|A0A1E3M924|A0A1E3M924_ACIBA,3,0.000274,0.1154,0.06934
tr|A0A0H4UXK8|A0A0H4UXK8_ACIBA,3,0.000274,0.1154,0.06934
tr|V5V957|V5V957_ACIBA,3,0.000265,0.1154,0.069337
tr|A0A1E3MAZ9|A0A1E3MAZ9_ACIBA,3,0.000247,0.1154,0.06933
tr|V5V9N8|V5V9N8_ACIBA,3,0.000141,0.1154,0.069287
tr|V5V989|V5V989_ACIBA,3,0.000135,0.1154,0.069285
tr|V5VDL9|V5VDL9_ACIBA,3,8.8e-05,0.1154,0.069266
tr|A0A1E3M533|A0A1E3M533_ACIBA,3,8.8e-05,0.1154,0.069266
tr|V5VGE5|V5VGE5_ACIBA,3,6.2e-05,0.1154,0.069255
tr|V5VCL4|V5VCL4_ACIBA,3,4.2e-05,0.1154,0.069248
tr|V5VEU7|V5VEU7_ACIBA,3,4.4e-05,0.1154,0.069248
tr|V5V9V9|V5V9V9_ACIBA,3,4.4e-05,0.1154,0.069248
tr|A0A1E3M659|A0A1E3M659_ACIBA,3,2.6e-05,0.1154,0.069241
tr|A0A090C180|A0A090C180_ACIBA,3,2.6e-05,0.1154,0.069241
tr|V5VB91|V5VB91_ACIBA,3,2.6e-05,0.1154,0.069241
tr|A0A1E3M495|A0A1E3M495_ACIBA,3,2.6e-05,0.1154,0.069241
tr|A0A1E3M4A4|A0A1E3M4A4_ACIBA,3,2.6e-05,0.1154,0.069241
tr|A0A084XPW4|A0A084XPW4_ACIBA,3,2.2e-05,0.1154,0.069239
tr|A0A090B695|A0A090B695_ACIBA,3,1.1e-05,0.1154,0.069235
tr|V5VC03|V5VC03_ACIBA,3,9e-06,0.1154,0.069234
tr|V5VBE6|V5VBE6_ACIBA,3,9e-06,0.1154,0.069234
tr|A0A1E3M7X4|A0A1E3M7X4_ACIBA,3,0.0,0.1154,0.069231
tr|V5VG30|V5VG30_ACIBA,3,0.0,0.1154,0.069231
tr|A0A1E3M630|A0A1E3M630_ACIBA,3,0.0,0.1154,0.069231
tr|A0A1E3M3K9|A0A1E3M3K9_ACIBA,2,0.016674,0.0769,0.052823
tr|V5VAM3|V5VAM3_ACIBA,2,0.001307,0.0769,0.046677
tr|A0A1E3M4J4|A0A1E3M4J4_ACIBA,2,0.001307,0.0769,0.046677
tr|V5VGB4|V5VGB4_ACIBA,2,0.001307,0.0769,0.046677
tr|V5VA62|V5VA62_ACIBA,2,0.001307,0.0769,0.046677
tr|A0A1L5TK30|A0A1L5TK30_ACIBA,2,0.001272,0.0769,0.046663
tr|V5VGI5|V5VGI5_ACIBA,2,0.001236,0.0769,0.046648
tr|A0A1E3M7E5|A0A1E3M7E5_ACIBA,2,0.00106,0.0769,0.046578
tr|V5VCB2|V5VCB2_ACIBA,2,0.000812,0.0769,0.046479
tr|V5VCD9|V5VCD9_ACIBA,2,0.000477,0.0769,0.046345
tr|V5VGC7|V5VGC7_ACIBA,2,0.000424,0.0769,0.046323
tr|A0A1E3M9E0|A0A1E3M9E0_ACIBA,2,0.000424,0.0769,0.046323
tr|A0A1E3M5N6|A0A1E3M5N6_ACIBA,2,0.000424,0.0769,0.046323
tr|V5VD51|V5VD51_ACIBA,2,0.000353,0.0769,0.046295
tr|V5V9P9|V5V9P9_ACIBA,2,0.000353,0.0769,0.046295
tr|V5VGC9|V5VGC9_ACIBA,2,0.000353,0.0769,0.046295
tr|V5VG96|V5VG96_ACIBA,2,0.000353,0.0769,0.046295
tr|V5VAG5|V5VAG5_ACIBA,2,0.000318,0.0769,0.046281
tr|V5VFS5|V5VFS5_ACIBA,2,0.000318,0.0769,0.046281
tr|A0A1E3M898|A0A1E3M898_ACIBA,2,0.000283,0.0769,0.046267
tr|A0A1E3M1T3|A0A1E3M1T3_ACIBA,2,0.000283,0.0769,0.046267
tr|V5VHQ9|V5VHQ9_ACIBA,2,0.000247,0.0769,0.046253
tr|V5VDL1|V5VDL1_ACIBA,2,0.000247,0.0769,0.046253
tr|A0A1E3M641|A0A1E3M641_ACIBA,2,0.000221,0.0769,0.046242
tr|V5VCX9|V5VCX9_ACIBA,2,0.000206,0.0769,0.046236
tr|V5VGR2|V5VGR2_ACIBA,2,0.000194,0.0769,0.046232
tr|V5VBC2|V5VBC2_ACIBA,2,0.000141,0.0769,0.04621
tr|V5VG47|V5VG47_ACIBA,2,0.000141,0.0769,0.04621
tr|A0A7U4X8Y9|A0A7U4X8Y9_ACIBA,2,0.000141,0.0769,0.04621
tr|V5VAD3|V5VAD3_ACIBA,2,7.1e-05,0.0769,0.046182
tr|V5VBX8|V5VBX8_ACIBA,2,5.3e-05,0.0769,0.046175
tr|A0A1E3M6E5|A0A1E3M6E5_ACIBA,2,5.3e-05,0.0769,0.046175
tr|V5VDM2|V5VDM2_ACIBA,2,5.3e-05,0.0769,0.046175
tr|A0A086I1Y6|A0A086I1Y6_ACIBA,2,5.3e-05,0.0769,0.046175
tr|V5V9Y3|V5V9Y3_ACIBA,2,4.4e-05,0.0769,0.046172
tr|A0A059ZCX7|A0A059ZCX7_ACIBA,2,4.4e-05,0.0769,0.046172
tr|V5V9Y6|V5V9Y6_ACIBA,2,3.5e-05,0.0769,0.046168
tr|A0A1E3MBF9|A0A1E3MBF9_ACIBA,2,3.5e-05,0.0769,0.046168
tr|V5V7W3|V5V7W3_ACIBA,2,3.5e-05,0.0769,0.046168
tr|V5VGM1|V5VGM1_ACIBA,2,3.5e-05,0.0769,0.046168
tr|V5VB46|V5VB46_ACIBA,2,3.5e-05,0.0769,0.046168
tr|V5V952|V5V952_ACIBA,2,3.5e-05,0.0769,0.046168
tr|A0A098SHG1|A0A098SHG1_ACIBA,2,3.5e-05,0.0769,0.046168
tr|V5VIA8|V5VIA8_ACIBA,2,3.5e-05,0.0769,0.046168
tr|A0A059ZNU1|A0A059ZNU1_ACIBA,2,2.8e-05,0.0769,0.046165
tr|V5VIH3|V5VIH3_ACIBA,2,1.8e-05,0.0769,0.046161
tr|A0A1E3M835|A0A1E3M835_ACIBA,2,1.8e-05,0.0769,0.046161
tr|A0A1A5UJ33|A0A1A5UJ33_ACIBA,2,1.8e-05,0.0769,0.046161
tr|V5VB35|V5VB35_ACIBA,2,1.8e-05,0.0769,0.046161
tr|A0A1E3MA06|A0A1E3MA06_ACIBA,2,1.8e-05,0.0769,0.046161
tr|A0A241ZFM7|A0A241ZFM7_ACIBA,2,1.8e-05,0.0769,0.046161
tr|A0A0D8GAT7|A0A0D8GAT7_ACIBA,2,1.8e-05,0.0769,0.046161
tr|A0A1E3M3D6|A0A1E3M3D6_ACIBA,2,1.5e-05,0.0769,0.04616
tr|A0A5P1UK57|A0A5P1UK57_ACIBA,2,9e-06,0.0769,0.046157
tr|A0A1E3M5K2|A0A1E3M5K2_ACIBA,2,9e-06,0.0769,0.046157
tr|V5VCF7|V5VCF7_ACIBA,2,6e-06,0.0769,0.046156
tr|A0A077GGD9|A0A077GGD9_ACIBA,2,7e-06,0.0769,0.046156
tr|V5VBR0|V5VBR0_ACIBA,2,6e-06,0.0769,0.046156
tr|A0A1E3M8J2|A0A1E3M8J2_ACIBA,2,3e-06,0.0769,0.046155
tr|V5VFW1|V5VFW1_ACIBA,2,0.0,0.0769,0.046154
tr|A0A0X3QXR9|A0A0X3QXR9_ACIBA,2,0.0,0.0769,0.046154
tr|V5V9Q2|V5V9Q2_ACIBA,2,0.0,0.0769,0.046154
tr|V5V9N0|V5V9N0_ACIBA,2,0.0,0.0769,0.046154
tr|A0A7U4X7B8|A0A7U4X7B8_ACIBA,2,0.0,0.0769,0.046154
tr|A0A0D5YHQ6|A0A0D5YHQ6_ACIBA,2,0.0,0.0769,0.046154
tr|V5VBX7|V5VBX7_ACIBA,2,0.0,0.0769,0.046154
tr|A0A059ZJ19|A0A059ZJ19_ACIBA,2,0.0,0.0769,0.046154
tr|A0A1E3M9J9|A0A1E3M9J9_ACIBA,2,0.0,0.0769,0.046154
tr|A0A1E3M2R9|A0A1E3M2R9_ACIBA,2,1e-06,0.0769,0.046154
tr|V5VAV5|V5VAV5_ACIBA,2,0.0,0.0769,0.046154
tr|V5V9B5|V5V9B5_ACIBA,2,0.0,0.0769,0.046154
tr|V5VHU8|V5VHU8_ACIBA,2,0.0,0.0769,0.046154
tr|A0A1A1SVI5|A0A1A1SVI5_ACIBA,1,0.0,0.0385,0.023077
tr|V5VF95|V5VF95_ACIBA,1,0.0,0.0385,0.023077
tr|V5VGE8|V5VGE8_ACIBA,1,0.0,0.0385,0.023077
tr|A0A1E3M802|A0A1E3M802_ACIBA,1,0.0,0.0385,0.023077
tr|V5VGN6|V5VGN6_ACIBA,1,0.0,0.0385,0.023077
tr|A0A1E3MBX9|A0A1E3MBX9_ACIBA,1,0.0,0.0385,0.023077
tr|A0A1V3D8R1|A0A1V3D8R1_ACIBA,1,0.0,0.0385,0.023077
tr|V5VGN9|V5VGN9_ACIBA,1,0.0,0.0385,0.023077
tr|A0A0D5YLB1|A0A0D5YLB1_ACIBA,1,0.0,0.0385,0.023077
tr|V5VHZ7|V5VHZ7_ACIBA,1,0.0,0.0385,0.023077
tr|V5VHG0|V5VHG0_ACIBA,1,0.0,0.0385,0.023077
tr|A0A086I1Z7|A0A086I1Z7_ACIBA,1,0.0,0.0385,0.023077
tr|V5V9I8|V5V9I8_ACIBA,1,0.0,0.0385,0.023077
tr|A0A1E3M2Y3|A0A1E3M2Y3_ACIBA,1,0.0,0.0385,0.023077
tr|A0A059ZHT8|A0A059ZHT8_ACIBA,1,0.0,0.0385,0.023077
tr|A0A7U4X5W9|A0A7U4X5W9_ACIBA,1,0.0,0.0385,0.023077
tr|A0A1E3M1U5|A0A1E3M1U5_ACIBA,1,0.0,0.0385,0.023077
tr|V5V9Q1|V5V9Q1_ACIBA,1,0.0,0.0385,0.023077
tr|A0A1E3M450|A0A1E3M450_ACIBA,1,0.0,0.0385,0.023077
tr|V5VG71|V5VG71_ACIBA,1,0.0,0.0385,0.023077
tr|A0A1E3M1R5|A0A1E3M1R5_ACIBA,1,0.0,0.0385,0.023077
tr|V5VA78|V5VA78_ACIBA,1,0.0,0.0385,0.023077
tr|A0A7U4X9P9|A0A7U4X9P9_ACIBA,1,0.0,0.0385,0.023077
tr|V5VHG5|V5VHG5_ACIBA,1,0.0,0.0385,0.023077
tr|V5VHK4|V5VHK4_ACIBA,1,0.0,0.0385,0.023077
tr|A0A1E3M797|A0A1E3M797_ACIBA,1,0.0,0.0385,0.023077
tr|A0A059ZU64|A0A059ZU64_ACIBA,1,0.0,0.0385,0.023077
tr|A0A0G4QNQ8|A0A0G4QNQ8_ACIBA,1,0.0,0.0385,0.023077
tr|V5V966|V5V966_ACIBA,1,0.0,0.0385,0.023077
tr|A0A265A8E2|A0A265A8E2_ACIBA,1,0.0,0.0385,0.023077
tr|V5VGE4|V5VGE4_ACIBA,1,0.0,0.0385,0.023077
tr|A0A081H968|A0A081H968_ACIBA,1,0.0,0.0385,0.023077
tr|V5VBV8|V5VBV8_ACIBA,1,0.0,0.0385,0.023077
tr|V5V9G4|V5V9G4_ACIBA,1,0.0,0.0385,0.023077
tr|V5VIQ8|V5VIQ8_ACIBA,1,0.0,0.0385,0.023077
tr|A0A1E3MAU0|A0A1E3MAU0_ACIBA,1,0.0,0.0385,0.023077
tr|A0A1A1STA6|A0A1A1STA6_ACIBA,1,0.0,0.0385,0.023077
tr|A0A086HZU3|A0A086HZU3_ACIBA,1,0.0,0.0385,0.023077
tr|A0A1E3M4V1|A0A1E3M4V1_ACIBA,1,0.0,0.0385,0.023077
tr|V5VBC5|V5VBC5_ACIBA,1,0.0,0.0385,0.023077
tr|V5V9F4|V5V9F4_ACIBA,1,0.0,0.0385,0.023077
tr|V5V842|V5V842_ACIBA,1,0.0,0.0385,0.023077
tr|A0A059ZGU8|A0A059ZGU8_ACIBA,1,0.0,0.0385,0.023077
tr|A0A1E3M3T6|A0A1E3M3T6_ACIBA,1,0.0,0.0385,0.023077
tr|A0A1E3M844|A0A1E3M844_ACIBA,1,0.0,0.0385,0.023077
tr|A0A1E3MBS1|A0A1E3MBS1_ACIBA,1,0.0,0.0385,0.023077
tr|V5V975|V5V975_ACIBA,1,0.0,0.0385,0.023077
tr|A0A1A9L379|A0A1A9L379_ACIBA,1,0.0,0.0385,0.023077
tr|V5VHN5|V5VHN5_ACIBA,1,0.0,0.0385,0.023077
tr|A0A1E3M348|A0A1E3M348_ACIBA,1,0.0,0.0385,0.023077
tr|V5VGM8|V5VGM8_ACIBA,1,0.0,0.0385,0.023077
tr|V5VB15|V5VB15_ACIBA,1,0.0,0.0385,0.023077
tr|A0A059ZRF5|A0A059ZRF5_ACIBA,1,0.0,0.0385,0.023077
tr|V5VAR4|V5VAR4_ACIBA,1,0.0,0.0385,0.023077
tr|V5VAT0|V5VAT0_ACIBA,1,0.0,0.0385,0.023077
tr|V5VAD8|V5VAD8_ACIBA,1,0.0,0.0385,0.023077
tr|V5VB39|V5VB39_ACIBA,1,0.0,0.0385,0.023077
tr|V5VHF8|V5VHF8_ACIBA,1,0.0,0.0385,0.023077
tr|A0A1E3M2J2|A0A1E3M2J2_ACIBA,1,0.0,0.0385,0.023077
tr|A0A059ZIX1|A0A059ZIX1_ACIBA,1,0.0,0.0385,0.023077
tr|A0A0D8FGA4|A0A0D8FGA4_ACIBA,1,0.0,0.0385,0.023077
tr|A0A1E3M624|A0A1E3M624_ACIBA,1,0.0,0.0385,0.023077
tr|V5VAW9|V5VAW9_ACIBA,1,0.0,0.0385,0.023077
tr|A0A1E3MA15|A0A1E3MA15_ACIBA,1,0.0,0.0385,0.023077
tr|V5VCN3|V5VCN3_ACIBA,1,0.0,0.0385,0.023077
tr|A0A5P1UPU3|A0A5P1UPU3_ACIBA,1,0.0,0.0385,0.023077
tr|V5VDC6|V5VDC6_ACIBA,1,0.0,0.0385,0.023077
tr|A0A1E3M2H6|A0A1E3M2H6_ACIBA,1,0.0,0.0385,0.023077
tr|A0A0H4U8G3|A0A0H4U8G3_ACIBA,1,0.0,0.0385,0.023077
tr|A0A1E3M7K4|A0A1E3M7K4_ACIBA,1,0.0,0.0385,0.023077
tr|V5V961|V5V961_ACIBA,1,0.0,0.0385,0.023077
tr|A0A059ZNX5|A0A059ZNX5_ACIBA,1,0.0,0.0385,0.023077
tr|A0A059ZPB6|A0A059ZPB6_ACIBA,1,0.0,0.0385,0.023077
tr|V5V9B2|V5V9B2_ACIBA,1,0.0,0.0385,0.023077
tr|V5V9P7|V5V9P7_ACIBA,1,0.0,0.0385,0.023077
tr|A0A077GHZ9|A0A077GHZ9_ACIBA,1,0.0,0.0385,0.023077
tr|V5VDU6|V5VDU6_ACIBA,1,0.0,0.0385,0.023077
tr|A0A059ZMY8|A0A059ZMY8_ACIBA,1,0.0,0.0385,0.023077
tr|V5V948|V5V948_ACIBA,1,0.0,0.0385,0.023077
tr|V5VAN7|V5VAN7_ACIBA,1,0.0,0.0385,0.023077
tr|V5V9E1|V5V9E1_ACIBA,1,0.0,0.0385,0.023077
tr|V5VBY1|V5VBY1_ACIBA,1,0.0,0.0385,0.023077
tr|V5VAI5|V5VAI5_ACIBA,1,0.0,0.0385,0.023077
tr|V5VA37|V5VA37_ACIBA,1,0.0,0.0385,0.023077
tr|V5VAP2|V5VAP2_ACIBA,1,0.0,0.0385,0.023077
tr|A0A059ZNI7|A0A059ZNI7_ACIBA,1,0.0,0.0385,0.023077
tr|A0A059ZP15|A0A059ZP15_ACIBA,1,0.0,0.0385,0.023077
tr|A0A0Q1DNT0|A0A0Q1DNT0_ACIBA,1,0.0,0.0385,0.023077
tr|V5V9H7|V5V9H7_ACIBA,1,0.0,0.0385,0.023077
tr|A0A0F4EMX0|A0A0F4EMX0_ACIBA,1,0.0,0.0385,0.023077
tr|A0A1E3M4Y0|A0A1E3M4Y0_ACIBA,1,0.0,0.0385,0.023077
tr|V5VAV8|V5VAV8_ACIBA,1,0.0,0.0385,0.023077
tr|A0A1E3M3M5|A0A1E3M3M5_ACIBA,1,0.0,0.0385,0.023077
tr|V5VIJ9|V5VIJ9_ACIBA,1,0.0,0.0385,0.023077
tr|A0A1E3MBC3|A0A1E3MBC3_ACIBA,1,0.0,0.0385,0.023077
tr|V5VIG4|V5VIG4_ACIBA,1,0.0,0.0385,0.023077
tr|A0A0D7T2Y0|A0A0D7T2Y0_ACIBA,1,0.0,0.0385,0.023077
tr|V5VGK1|V5VGK1_ACIBA,1,0.0,0.0385,0.023077
tr|A0A077GUA2|A0A077GUA2_ACIBA,1,0.0,0.0385,0.023077
tr|A0A1E3M4V5|A0A1E3M4V5_ACIBA,1,0.0,0.0385,0.023077
tr|V5VH56|V5VH56_ACIBA,1,0.0,0.0385,0.023077
tr|V5VBA5|V5VBA5_ACIBA,1,0.0,0.0385,0.023077
tr|A0A077GW93|A0A077GW93_ACIBA,1,0.0,0.0385,0.023077
tr|V5V9I1|V5V9I1_ACIBA,1,0.0,0.0385,0.023077
tr|A0A1E3M5P3|A0A1E3M5P3_ACIBA,1,0.0,0.0385,0.023077
tr|V5V9M5|V5V9M5_ACIBA,1,0.0,0.0385,0.023077
tr|V5VAK6|V5VAK6_ACIBA,1,0.0,0.0385,0.023077
tr|V5VHM9|V5VHM9_ACIBA,1,0.0,0.0385,0.023077
tr|V5VB30|V5VB30_ACIBA,1,0.0,0.0385,0.023077
tr|A0A081H230|A0A081H230_ACIBA,1,0.0,0.0385,0.023077
tr|V5VC71|V5VC71_ACIBA,1,0.0,0.0385,0.023077
tr|V5VHI8|V5VHI8_ACIBA,1,0.0,0.0385,0.023077
tr|V5VGL2|V5VGL2_ACIBA,1,0.0,0.0385,0.023077
tr|A0A154DV90|A0A154DV90_ACIBA,1,0.0,0.0385,0.023077
tr|V5VAH2|V5VAH2_ACIBA,1,0.0,0.0385,0.023077
tr|A0A1E3M9S4|A0A1E3M9S4_ACIBA,1,0.0,0.0385,0.023077
tr|V5VHJ1|V5VHJ1_ACIBA,1,0.0,0.0385,0.023077
tr|A0A081H5Y7|A0A081H5Y7_ACIBA,1,0.0,0.0385,0.023077
tr|V5VAW7|V5VAW7_ACIBA,1,0.0,0.0385,0.023077
tr|A0A1E3M424|A0A1E3M424_ACIBA,1,0.0,0.0385,0.023077
tr|V5VFT6|V5VFT6_ACIBA,1,0.0,0.0385,0.023077
tr|A0A5P1UKT1|A0A5P1UKT1_ACIBA,1,0.0,0.0385,0.023077
tr|A0A1E3M8A9|A0A1E3M8A9_ACIBA,1,0.0,0.0385,0.023077
tr|V5VIV0|V5VIV0_ACIBA,1,0.0,0.0385,0.023077
tr|A0A1E3M1K3|A0A1E3M1K3_ACIBA,1,0.0,0.0385,0.023077
tr|A0A1E3MB90|A0A1E3MB90_ACIBA,1,0.0,0.0385,0.023077
tr|A0A1E3M627|A0A1E3M627_ACIBA,1,0.0,0.0385,0.023077
tr|V5VDT5|V5VDT5_ACIBA,1,0.0,0.0385,0.023077
tr|V5VGZ9|V5VGZ9_ACIBA,1,0.0,0.0385,0.023077
tr|A0A090BBP5|A0A090BBP5_ACIBA,1,0.0,0.0385,0.023077
tr|A0A1E3M7S5|A0A1E3M7S5_ACIBA,1,0.0,0.0385,0.023077
tr|A0A1E3M849|A0A1E3M849_ACIBA,1,0.0,0.0385,0.023077
tr|A0A077GH01|A0A077GH01_ACIBA,1,0.0,0.0385,0.023077
tr|A0A0H4UDC0|A0A0H4UDC0_ACIBA,1,0.0,0.0385,0.023077
tr|A0A1E3M633|A0A1E3M633_ACIBA,1,0.0,0.0385,0.023077
tr|V5VEB8|V5VEB8_ACIBA,1,0.0,0.0385,0.023077
tr|A0A1E3M763|A0A1E3M763_ACIBA,1,0.0,0.0385,0.023077
tr|A0A059ZTY9|A0A059ZTY9_ACIBA,1,0.0,0.0385,0.023077
tr|V5VB25|V5VB25_ACIBA,1,0.0,0.0385,0.023077
tr|A0A0H4UWN7|A0A0H4UWN7_ACIBA,1,0.0,0.0385,0.023077
tr|V5VCK8|V5VCK8_ACIBA,1,0.0,0.0385,0.023077
tr|A0A0B9W5M8|A0A0B9W5M8_ACIBA,1,0.0,0.0385,0.023077
tr|V5VF03|V5VF03_ACIBA,1,0.0,0.0385,0.023077
tr|A0A059ZL92|A0A059ZL92_ACIBA,1,0.0,0.0385,0.023077
tr|A0A1E3M7F2|A0A1E3M7F2_ACIBA,1,0.0,0.0385,0.023077
tr|V5VGH4|V5VGH4_ACIBA,1,0.0,0.0385,0.023077
tr|A0A1E3M3N7|A0A1E3M3N7_ACIBA,1,0.0,0.0385,0.023077
tr|A0A0D5YI70|A0A0D5YI70_ACIBA,1,0.0,0.0385,0.023077
tr|A0A1E3M393|A0A1E3M393_ACIBA,1,0.0,0.0385,0.023077
